Domain,Note,Sector
1-800-vermont.com,Travel and Tourism Site for Vermont -- Note added 6/6/13 19:19,travel
1800arkansas.com,See historical snapshot at: http://web.archive.org/web/20080120044716/http://www.1800arkansas.com/  -- Note added 1/24/14 14:38,see
211.getcare.com,"2-1-1 VIRGINIA is a service of the Virginia Department of Social Services provided in partnership with the Council of Community Services, the Family Resource and Referral Center, The Planning Council, the United Way of Central Virginia, and the United Way of Greater Richmond and Petersburg. -- Note added 5/27/14 14:14",virginia
211virginia.org,"2-1-1 VIRGINIA is a service of the Virginia Department of Social Services provided in partnership with the Council of Community Services, the Family Resource and Referral Center, The Planning Council, the United Way of Central Virginia, and the United Way of Greater Richmond and Petersburg. -- Note added 1/10/14 19:17",virginia
4thjudicialda.com,4th Judicial District Attorney -- Note added 1/10/14 19:17,th
511ny.org,"511 NY (New York State Department of Transportation), the free, official one-stop, all-encompassing telephone and Web service offering  information on transportation services and conditions throughout New York State.  -- Note added 1/24/14 14:34",ny
accessidaho.org,State of Idaho (mirror website of www.idaho.gov) -- Note added 7/17/14 14:28,state
aces.edu,Alabama Cooperative Extension System -- Note added 6/12/13 16:37,alabama
aces.nmsu.edu/pubs,New Mexico Cooperative Extension Publications -- Note added 7/25/13 17:38,new
adoptpakids.org,Pennsylvania Adoption Exchange -- Note added 6/30/14 15:39,pennsylvania
adph.org,Alabama Department of Public Health -- Note added 6/12/13 16:40,alabama
ag.umass.edu,University of Massachusetts Center for Agriculture Research and Extension -- Note added 11/20/13 15:32,university
agrilifeextension.tamu.edu,Texas A&M AgriLife Extension -- Note added 3/3/15 6:32,texas
ahfa.com,Alabama Housing Finance Authority -- Note added 6/12/13 16:40,alabama
ahfc.us,Alaska Housing Finance Corporation -- Note added 6/6/13 18:08,alaska
aidea.org,Alaska Industrial Development and Export Authority -- Note added 6/6/13 18:08,alaska
ak-prepared.com,Alaska's Department of Military and Veterans Affairs Division of Homeland Security and Emergency Management -- Note added 6/27/14 6:01,alaskas
akaerospace.com,Alaska Aerospace Corporation (Board of directors appointed by Alaska governor) -- Note added 7/23/14 15:36,alaska
akenergyauthority.org,Alaska Energy Authority -- Note added 6/6/13 18:08,alaska
akpb.org,Alaska Public Broadcasting Commission -- Note added 6/6/13 18:08,alaska
akrr.com,Alaska Railroad Corporation -- Note added 6/6/13 18:08,alaska
alabama.travel,Travel and Tourism Site for Alabama -- Note added 6/6/13 19:22,travel
alabamacounterdrug.com,Alabama National Guard Counterdrug Program -- Note added 1/23/14 13:41,alabama
alabamafilm.org,Alabama Film Office -- Note added 6/12/13 16:42,alabama
alalinc.net,"Alabama's Legal Information Center, Alabama Supreme Court and State Law Library Catalog -¬†catalog.alalinc.net and 2.alalinc.net -- Note added 6/12/13 16:43",alabamas
alaskarailroad.com,Alaska Railroad Corporation -- Note added 7/2/13 17:55,alaska
alaskaseafood.org,Alaska Seafood Marketing Institute -- Note added 6/6/13 18:08,alaska
albme.org,Alabama State Board of Medical Examiners (an administrative and regulatory agency of the state of Alabama) and the Medical Licensure Commission of Alabama -- Note added 6/12/13 16:46,alabama
albop.com,Alabama Board of Pharmacy -- Note added 6/12/13 16:47,alabama
alsde.edu,Alabama State Department of Education -- Note added 6/12/13 17:15,alabama
americansamoa.travel,Travel and Tourism Site for American Samoa -- Note added 6/6/13 19:22,travel
amtrakcascades.com,"Amtrak Cascades, a train service sponsored by the state departments of transportation of Washington and Oregon. -- Note added 6/17/14 14:40",amtrak
apdcares.org,Agency for Persons with Disabilities (APD) -- Note added 2/25/15 15:33,agency
apfc.org,Alaska Permanent Fund Corporation -- Note added 6/6/13 18:08,alaska
apscservices.info,Arkansas Public Service Commission -- Note added 1/10/14 17:55,arkansas
arbenefits.org,ARBenefitsfor Arkansas State and Public School Plan MembersProvided by the Employee Benefit Division of the [Arkansas] Department of Finance & Administration -- Note added 12/10/14 6:24,arbenefitsfor
arfireprotection.org,Arkansas Fire Protection Licensing Board -- Note added 6/12/13 18:10,arkansas
arguard.org,Arkansas National Guard -- Note added 1/23/14 13:42,arkansas
arizonaguide.com,Travel and Tourism Site for Arizona -- Note added 6/6/13 19:16,travel
arizonalottery.com,Arizona lottery -- Note added 11/18/13 15:03,arizona
arizonaworkforceconnection.com,"Arizona's Workforce Connection!, a website of the Governor's Council on Workforce Policy developed to provide easy access to the workforce development system in Arizona. -- Note added 11/18/13 15:13",arizonas
ark-ives.com,"Arkansas History Commission, a division of the Arkansas Department of Parks and Tourism -- Note added 12/10/14 6:32",arkansas
arkansas.com,Travel and Tourism Site for Arkansas -- Note added 6/6/13 19:23,travel
arkansasctf.org,Arkansas Children's Trust Fund -- Note added 7/17/13 16:07,arkansas
arkansased.org,Arkansas Department of Education -- Note added 12/10/14 6:56,arkansas
arkansasedc.com,Arkansas Economic Development Coorporation (AEDC) -- Note added 1/24/14 14:36,arkansas
arkansasethics.com,Arkansas Ethics Commission -- Note added 7/17/13 16:13,arkansas
arkidsfirst.com,"ARKids First health insurance, Arkansas Department of Human Services -- Note added 1/10/14 19:17",arkids
arlpc.org,Arkansas Livestock and Poultry Commission -- Note added 7/17/13 16:14,arkansas
armedicalboard.org,Arkansas State Medical Board -- Note added 7/17/13 17:16,arkansas
aroptometry.org,Arkansas State Board of Optometry -- Note added 11/18/13 15:44,arkansas
arptb.org,Arkansas State Board of Physical Therapy -- Note added 11/18/13 15:45,arkansas
asbca.org,Arkansas State Board of Collection Agencies -- Note added 11/18/13 15:45,arkansas
asdd.com,"Alabama State Port Authority, Mobile, AL -- Note added 6/12/13 17:16",alabama
asgteo.com,American Samoa Territorial Energy Office -- Note added 6/7/13 14:55,american
askpsc.com,New York State Public Service Commission‚Äôs Consumer Web Site -- Note added 1/10/14 19:17,new
asmdc.org,"California State Assembly Democratic Caucus, State of California -- Note added 6/6/13 18:08",california
atlfa.org,Assistive Technology Loan Fund Authority. The authority offers low interest loans for a variety of special equipment to eligible applicants. See the establishing law at http://law.lis.virginia.gov/authorities/assistive-technology-loan-fund-authority-atlfa  -- Note added 7/23/14 15:46,assistive
azbbhe.us,Arizona Board of Behavioral Health Examiners -- Note added 12/11/13 13:50,arizona
azcommerce.com,Arizona Commerce Authority -- Note added 12/11/13 13:50,arizona
azdentalboard.us,Arizona State Board of Dental Examiners -- Note added 12/11/13 13:50,arizona
azstateparks.com,Arizona State Parks -- Note added 12/11/13 13:51,arizona
battleshipnc.com,"USS North Carolina Battleship, North Carolina Department of Cultural Resources -- Note added 3/20/14 17:19",uss
baxterestates.org,"Village of Baxter Estates, Port Washington, NY -- Note added 6/8/15 12:11",village
bmbt.org,North Carolina Board of Massage & Bodywork Therapy -- Note added 9/11/15 18:20,north
bugfest.org,NC museum of natural sciences  -- Note added 9/11/15 18:50,nc
buyctbonds.com,State of Connecticut Bonds -- Note added 6/27/13 19:52,state
calhum.org,"California Humanities is an independent non-profit partner of the National Endowment for the Humanities,  nthat promotes the humanities in California in order to help create &ldquo;a state of open mind.' -- Note added 3/10/15 15:07",california
californiavolunteers.org,"CaliforniaVolunteers, the state office that manages programs and initiatives aimed at increasing the number of Californians engaged in service and volunteering -- Note added 11/22/13 14:11",californiavolunteers
calsilc.org,CA State Independent Living Counsel advocates for persons with disabilities to enable them to live independently. n  -- Note added 3/5/15 22:35,ca
calstrs.com,California State Teachers Retirement System -- Note added 3/9/15 15:17,california
capitol.org,Nebraska State Capitol -- Note added 12/6/13 19:48,nebraska
caswellcenter.org,"Caswell Developmental Center, NC Division of State Operated Healthcare Facilities -- Note added 6/6/13 18:08",caswell
cehtp.org,"California Environmental Health Tracking Program, California Department of Public Health -- Note added 10/24/14 12:09",california
ces.ca.uky.edu/ces,Univ of Kentucky Extension website -- Note added 8/27/15 16:14,univ
cfc-hawaii.org,"Hawaii-Pacific Area Combined Federal Campaign - geographic area includes the State of Hawaii, Guam, Northern Marianas Islands, and American Samoa -- Note added 6/12/13 13:14",hawaiipacific
cfclouisville.org,"Tristate CFC, Indiana -- Note added 8/27/15 14:19",tristate
cfnc.org,"College Foundation of North Carolina, a¬†service of the State¬†of North Carolina -- Note added 7/24/13 16:09",college
chesapeakebay.net,"Chesapeake Bay Program, Restoration of the Chesapeake Bay http://www.chesapeakebay.net -- Note added 11/20/13 16:26",chesapeake
chipcoverspakids.com,Pennsylvania's Children's Health Insurance Program (CHIP) -- Note added 6/6/13 18:08,pennsylvanias
choosemaryland.org,Maryland Department of Business and Economic Development -- Note added 1/10/14 19:17,maryland
chs.org,Connecticut Historical SocietyMuseum and Library -- Note added 12/15/14 6:22,connecticut
ci.statesville.nc.us,"statesville, nc -- Note added 9/11/15 19:22",statesville
clemson.edu/extension,"Clemson Univ, Sc -- Note added 8/28/15 13:40",clemson
clest.org,Arkansas Commission on Law Enforcement Standards and Training -- Note added 7/17/13 18:34,arkansas
coliseumboulevardplume.com,"Coliseum Boulevard Plume (CBP), an area in Montgomery, Alabama, where the groundwater 10-50 feet below land surface contains trichloroethylene (TCE).  Investigation, management, and cleanup of the groundwater is being conducted by the https://www.dot.state.al.us/ Alabama Department of Transportation (ALDOT). -- Note added 9/24/14 16:14",coliseum
colorado.com,Travel and Tourism Site for Colorado -- Note added 6/6/13 19:23,travel
coloradolottery.com,Colorado lottery -- Note added 6/12/13 14:06,colorado
coloradonocall.com,"Colorado No Call program. A private company, Data Protection Group, operates this site under contract with the Colorado Public Utilities Commission. -- Note added 7/11/14 5:54",colorado
coloradoriverrecovery.org,"Upper Colorado River Endangered Fish Recovery Program, U.S. Fish and Wildlife Service -- Note added 7/23/14 13:45",upper
completestreetsnc.org,North Carolina DOT Complete Streets -- Note added 1/22/14 18:53,north
correctionenterprises.com,"Correction Enterprises, North Carolina Department of Public Safety -- Note added 7/24/13 14:00",correction
crawfish.org,Louisiana Crawfish Promotion and Research Board (LCPRB) -- Note added 9/22/15 16:53,louisiana
cscj.org,Georgia Superior Courts -- Note added 8/25/15 14:44,georgia
ctbiglist.com,Connecticut State Treasury Unclaimed Property Owners List -- Note added 12/15/14 6:38,connecticut
ctg.albany.edu,"Center for Technology at the University at Albany, State University of New York -- Note added 6/29/15 15:02",center
ctlottery.org,Connecticut lottery -- Note added 6/12/13 14:06,connecticut
ctstatelibrary.org,Connecticut State Library -- Note added 7/26/13 16:15,connecticut
ctvisit.com,Travel and Tourism Site for Connecticut -- Note added 6/6/13 19:28,travel
cwmtf.net,Clean Water Management Trust Fund  -- Note added 9/11/15 19:49,clean
cyberdriveillinois.com,IL Secretary of State -- Note added 7/1/14 20:19,il
DelawareNationalGuard.com,Delaware National Guard -- Note added 1/23/14 14:03,delaware
desncc.com,"Division of Employment Security (DES), NC Department of Commerce (NCC) -- Note added 9/22/15 14:15",division
detma.org,"Massachusetts JobQuest, Massachusetts Deparment of Career Services -- Note added 12/17/14 15:04",massachusetts
digitalmaine.com,"About the Digital Maine Repository The Digital Maine Repository is one of several services of the Maine State Library to facilitate digitization of - and enhanced access to - collections related to Maine history, genealogy, culture and government. The repository was designed to host a variety of media including books, images, maps and documents, as well as audio and video collections.  -- Note added 12/8/16 22:08",about
discoverohio.com,Travel and Tourism Site for Ohio -- Note added 6/6/13 19:30,travel
discoversouthcarolina.com,Travel and Tourism Site for South Carolina -- Note added 6/6/13 19:30,travel
dmvnow.com,Virginia Department of Motor Vehicles -- Note added 6/6/14 20:27,virginia
doe.as,American Samoa Department of Education -- Note added 4/4/14 10:58,american
dornc.com,NC Dept of Revenue -- Note added 9/11/15 19:50,nc
driving95.com,"Driving95 Corridor Planning and Finance Study website, North Carolina Department of Transportation (NCDOT) -- Note added 9/22/15 16:56",driving
drugcontrolprogram.org,Wisconsin National Guard Drug Control Program -- Note added 1/23/14 14:03,wisconsin
eatsmartmovemorenc.com,myeatsmartmovemore.com is the 'consumer' site and eatsmartmovemorenc.com is the 'program' site. -- Note added 7/24/13 16:22,myeatsmartmovemorecom
ecb.org,Educational Communications Board of WI -- Note added 8/5/14 5:24,educational
ehb.courtapps.com,"Environmental Hearing Board, State of Pennsylvania -- Note added 11/19/13 12:52",environmental
ehopac.org,Environmental Health Officer Professional Advisory Committee -- Note added 6/14/13 19:13,environmental
elderrightsva.org,Virginia Office of the State Long-Term Care Ombudsman -- Note added 8/27/15 15:01,virginia
energy.wsu.edu,Washington State University ExtensionEnergy Program -- Note added 11/20/14 7:13,washington
energync.net,"The Energy Section in the Division of Energy, Mineral and Land Resources  -- Note added 9/11/15 19:55",the
enjoyillinois.com,Illinois Office of Tourism -- Note added 7/1/14 20:35,illinois
envhelp.org,environmental help website of NC -- Note added 9/11/15 19:56,environmental
environmentaltrust.org,Nebraska Environmental Trust -- Note added 12/6/13 19:52,nebraska
ewgateway.org,This is a site of the east-west gateway Council of Government in the bi-state St. Louis area. -- Note added 10/1/15 20:20,this
exact-me.org,Executive Action Team (EXACT) Multilateral Working Group on Water Resources -- Note added 8/19/13 16:18,executive
experiencewa.com,Travel and tourism site for Washington State -- Note added 6/6/13 19:36,travel
exploregeorgia.org,Travel and Tourism Site for Georgia -- Note added 6/6/13 19:36,travel
exploreminnesota.com,Travel and tourism site for state of Minnesota hosted by Explore Minnesota Tourism -- Note added 4/26/15 2:33,travel
ext.vt.edu,Virginia Cooperative Extension  -- Note added 6/6/14 20:29,virginia
ext.wsu.edu,Washington State University Extension -- Note added 11/20/14 7:10,washington
ext.wvu.edu,West Virginia University Extension Service -- Note added 7/24/14 5:33,west
extension.iastate.edu,Iowa State University Extension -- Note added 8/25/15 20:26,iowa
extension.illinois.edu,University of Illinois Extension -- Note added 11/20/13 15:35,university
extension.nmsu.edu,New Mexico Cooperative Extension Service -- Note added 7/25/13 17:39,new
extension.oregonstate.edu,Oregon State University Extension Service -- Note added 6/20/14 16:52,oregon
extension.psu.edu,Penn State Extension -- Note added 9/30/14 13:18,penn
extension.purdue.edu,Purdue (Indiana) Cooperative Extension -- Note added 7/19/13 13:34,purdue
extension.udel.edu,University of Delaware Cooperative Extension Service -- Note added 6/7/13 16:52,university
extension.umaine.edu,Univ of Maine extension -- Note added 8/27/15 18:13,univ
extension.umn.edu,University of Minnesota Extension -- Note added 12/6/13 16:23,university
extension.unh.edu,Univ of NH -- Note added 8/28/15 18:52,univ
extension.unl.edu,University of Nebraska&ndash;Lincoln Extension -- Note added 11/20/13 19:17,university
extension.usu.edu,Utah State University extension -- Note added 8/21/14 5:14,utah
fcs.okstate.edu,OK State Family & Consumer website -- Note added 8/28/15 16:47,ok
fcsw.net,"The Florida Commission on the Status of Women - The Florida Commission on the Status of Women is a nonpartisan board, statutorily created in 1991, consisting of 22 appointed members. The Commission is administratively housed in the Office of the Attorney General. -- Note added 7/9/15 14:45",the
filmsc.com,SC film industry -- Note added 8/28/15 13:47,sc
fishandboat.com,Pennsylvania Fish and Boat Commission (PFBC) -- Note added 6/7/13 11:30,pennsylvania
flalottery.com,Florida lottery -- Note added 6/12/13 14:07,florida
flcourts.org,"Florida Courts - The mission of the judicial branch is to protect rights and liberties, uphold and interpret the law, and provide for the peaceful resolution of disputes. -- Note added 6/17/15 13:01",florida
fldoe.org,Florida Department of Education -- Note added 6/17/15 13:06,florida
flgov.com,Florida Governor's Office -- Note added 6/6/13 18:08,florida
flofr.com,"Florida Office of Financial Regulation - Key Function: provides regulatory oversight for Florida's financial services providers.  Mission: to protect the citizens of Florida, promote a safe and sound financial marketplace, and contribute to the growth of Florida's economy with smart, efficient and effective regulation of the financial services industry. -- Note added 6/17/15 13:13",florida
floir.com,Florida Office of Insurance Regulation - To promote a stable and competitive insurance market for consumers. -- Note added 6/17/15 13:17,florida
floridacounterdrug.com,Florida National Guard Counterdrug.  n   Florida Counterdrup Program - Under this authority our office provides oversight of the FLARNG and FLANG Substance Abuse Prevention Programs.      -- Note added 6/17/15 13:20,florida
floridamarine.org,Florida Fish and Wildlife Conservation Commission -- Note added 7/8/14 12:46,florida
floridaredistricting.org,Florida re-districting website.  House Speaker Will Weatherford and Senate President Don Gaetz called a special session from August 7-15 to amend Congressional Districts 5 and 10 consistent with the Final Judgment issued by the circuit court in Romo v. Detzner and to make conforming changes to districts that are a direct result of the changes to Congressional Districts 5 and 10. -- Note added 6/23/15 18:02,florida
floridatracking.com,"Florida Environmental Public Health Tracking, Florida Department of Health This web portal was supported by Cooperative Agreement Number 5U38EH000941 from the Centers for Disease Control and Prevention. Its contents are solely the responsibility of the authors (FL Tracking Team) and do not necessarily represent the official views of the Centers for Disease Control and Prevention. -- Note added 7/9/15 15:15",florida
fltreasurehunt.org,"The state of Florida's Unclaimed Property, Florida Treasure Hunt. -- Note added 6/6/13 18:08",the
flwaterpermits.com,"Florida Water Permiting Portal This portal provides links to information about water resource permitting in Florida, and links to DEP and the water management districts to: n Apply for permits and other authorizations, including: n Environmental Resource Permits * (and authorizations to use state-owned submerged lands, where applicable) Consumptive and Water Use Permits Well Construction Permits Works of the District Permits    -- Note added 6/23/15 18:21",florida
freshfromflorida.com,Florida Department of Agriculture and Consumer Services -- Note added 1/10/14 19:03,florida
fsmgov.org,National Government of the Federated States of Micronesia -- Note added 6/12/13 13:58,national
gadod.net,Georgia National Guard -- Note added 1/23/14 13:59,georgia
gadoe.org,State of Georgia Department of Education -- Note added 6/6/13 18:08,state
galottery.com,Georgia lottery -- Note added 6/12/13 14:07,georgia
ganocall.com,GA Do Not Call List. GA Dept of Law. Consumer Protection Unit.  -- Note added 8/25/15 15:32,ga
gasdf.com,Georgia State Defense Force -- Note added 1/23/14 14:03,georgia
gasdf.org,Georgia State Defense Force public beta domain. Crosslinked with gasdf.us email domain.,georgia
gasdf.us,Georgia State Defense Force email domain. Referenced on https://directory.doas.ga.gov/. Not in use as a public website.,georgia
gearupms.org,"GEAR UP Mississippi operates as part of the Institutions of Higher Learning, Office of Academic and Student Affairs in collaboration with the Mississippi Department of Education, State Board for Community and Junior Colleges and community and national partners. Funding is provided by the United States Department of Education. -- Note added 7/23/14 17:21",gear
geauxguard.com,Lousiana National Guard -- Note added 1/22/14 19:28,lousiana
geoinfo.nmt.edu,New Mexico Bureau of Geology & Mineral Resources -- Note added 7/16/14 5:13,new
georgiacivilwar.org,The Georgia Civil War Commission -- Note added 8/25/15 15:31,the
georgiafmc.com,The Georgia Fiscal Management Council    -- Note added 8/25/15 15:30,the
georgiatrust.org,Georgia Trust (Preservation Committee) -- Note added 8/25/15 15:28,georgia
getagameplan.org,Governor's Office of Homeland Security and Emergency Preparedness -- Note added 1/10/14 19:17,governors
getcollegefunds.org,Oregon Student Access Commission -- Note added 1/10/14 19:17,oregon
gnfa.com,Ga National Fair Grounds and Agricenter -- Note added 8/25/15 15:27,ga
godr.org,Georgia Commission on Dispute Resolution -- Note added 12/5/13 14:15,georgia
gohawaii.com,"Hawaii Tourism Authority, Travel and Tourism Site for Hawaii -- Note added 2/10/15 14:00",hawaii
gonefishingpa.com,Pennsylvania Fish and Boat Commission's Outdoor Shop -- Note added 6/7/13 11:34,pennsylvania
gottobenc.com,"Got to Be NC Agriculture, Goodness Grows in NC, North Carolina Department of Agriculture & Consumer Services -- Note added 6/28/13 16:56",got
gottobencfestival.com,"Got To Be NC Festival, a production of the NC Department of Agriculture -- Note added 8/2/13 15:48",got
gotyourbackarkansas.org,Consumer Protection Division of the Arkansas Attorney General's Office -- Note added 1/10/14 19:17,consumer
gov.mp,"Office of the Governor and Lt. Governor, Commonwealth of the Northern Mariana Islands plus *.gov.mp pattern for other government websites -- Note added 6/7/13 18:59",office
gov.pr,"*.gov.pr pattern for several Puerto Rican government agencies, such as https://www.google.com/#q=site:gov.pr  -- Note added 7/23/14 14:48",govpr
gov.vi,*.gov.vi pattern for Virgin Island government sites -- Note added 6/7/13 18:57,govvi
govce.net,"Virginia Correctional Enterprises, a Department of Corrections work program to produce goods and services for agencies of the Commonwealth of Virginia  -- Note added 11/19/13 21:11",virginia
governorbryant.com,"Governor Phil Bryant (Mississippi's 64th governor, 2012-) -- Note added 12/6/13 13:03",governor
governormorehead.net,Governor Morehead School for the Blind -- Note added 7/31/13 16:23,governor
groupbenefits.org,"Office of Group Benefits, State of Louisiana -- Note added 9/22/15 17:04",office
gsfc.org,Georgia Student Finance Commission -- Note added 8/25/15 15:25,georgia
guamag.org,Guam Attorney General -- Note added 6/7/13 17:47,guam
guamlegislature.com,Guam Legislature -- Note added 6/7/13 17:46,guam
guamtax.com,Guam Department of Revenue and Taxation -- Note added 6/7/13 17:56,guam
havemilk.com,Official site of the Washington Dairy Products Commission -- Note added 11/20/14 6:54,official
hawaiipublicschools.org,Hawaii State Department of Education -- Note added 6/6/13 18:08,hawaii
hoffmanestates.com,"Village of Hoffman Estates, IL -- Note added 7/2/14 18:35",village
house.mn,Minnesota House of Representatives -- Note added 11/9/15 20:35,minnesota
hsnm.org,Historical Society of New Mexico -- Note added 7/16/14 5:16,historical
hsofmich.org,Michigan State Humanities and Social Services Online -- Note added 9/3/15 15:22,michigan
htdc.org,High Technology Development Corporation. HTDC 'is a state agency established by the Hawaii State Legislature in 1983 to facilitate the development and growth of Hawaii's commercial high technology industry.' -- Note added 6/12/13 13:21,high
hwtfc.org,NC health and Wellness Trust fund -- Note added 9/11/15 20:19,nc
ialottery.com,Iowa Lottery -- Note added 6/12/13 14:08,iowa
ianrpubs.unl.edu,University of Nebraska - Lincoln Extension publications -- Note added 11/20/13 19:14,university
idahoarmyguard.org,Idaho Army National Guard -- Note added 1/23/14 14:03,idaho
idaholottery.com,Idaho Lottery -- Note added 6/12/13 14:09,idaho
idsaves.org,IDeal - Idaho College Savings Program -- Note added 7/8/13 19:00,ideal
ifcem.com,"Benefits Portal, http://www.in.gov/fssa/ Indiana Family and Social Services Administration -- Note added 11/20/13 19:35",benefits
illinoisepay.com,Office of the Illinois State Treasurer -- Note added 7/2/14 18:37,office
illinoislottery.com,Illinois Lottery -- Note added 6/12/13 14:09,illinois
iloveny.com,Travel and Tourism Site for New York -- Note added 6/6/13 19:12,travel
inclusivehealth.org,"Inclusive Health, North Carolina Health Insurance Risk Pool, Inc. -- Note added 11/20/13 19:54",inclusive
innovatewashington.org,Innovate Washington is hereby created as a state agency exercising public and essential governmental functions. Innovate Washington is created as the successor to the Washington technology center and the Spokane intercollegiate research and technology institute (SIRTI). See http://apps.leg.wa.gov/RCW/default.aspx?cite=43.333&full=true  -- Note added 7/23/14 14:21,innovate
investguam.com,Guam Economic Development Authority (GEDA) web site. GEDA is an autonomous agency of the Government of Guam and a Guam public corporation. -- Note added 6/7/13 17:59,guam
investmentmt.com,Montana Board of Investments -- Note added 11/21/13 14:44,montana
iowaeconomicdevelopment.com,Iowa Economic Development Authority -- Note added 11/21/13 15:05,iowa
iowanation.org,"Iowa Tribe of Oklahoma, Perkins, OK -- Note added 11/21/13 15:11",iowa
iowanationalguard.com,Iowa National Guard -- Note added 1/23/14 14:03,iowa
iowastatefair.org,Iowa State Fair -- Note added 6/12/13 18:48,iowa
itsok2ask.com,"The North Carolina Division of Public Health, Injury and Violence Prevention Branch, Youth Suicide Prevention Program works in collaboration with The North Carolina Youth Suicide Prevention Task Force to address youth suicide prevention in North Carolina. -- Note added 11/21/13 20:33",the
jerseyhistory.org,new jersey history site -- Note added 9/16/15 14:49,new
jfkadatc.net,Julian F. Keith Alcohol and Drug Abuse Treatment Center. JFK ADATC operates under the authority of the State of North Carolina through the Division of State Operated Healthcare Facilities -- Note added 9/22/15 17:00,julian
jobs4jersey.com,Jobs4Jersey. NJ Department of Labor and Workforce Development. -- Note added 6/6/13 18:08,jobsjersey
justice.gov.gu,"Unified Courts of Guam, Guam Judiciary - www.justice.gov.gu -- Note added 6/7/13 17:57",unified
justiceadmin.org,"Justice Administration Commission - The Justice Administrative Commission (JAC), created in 1965, provides administrative services on behalf of 49 judicial related entities. -- Note added 6/23/15 19:03",justice
kacada.org,Kentucky Academic Advising Association -- Note added 1/3/14 13:19,kentucky
kansashighwaypatrol.org,Kansas Highway Patrol -- Note added 7/9/14 4:30,kansas
kentuckygsa.com,kentucky center -- Note added 8/27/15 16:36,kentucky
kentuckyguard.com,Kentucky National Guard -- Note added 1/23/14 14:03,kentucky
kentuckyhousing.org, kentucky housing corp -- Note added 8/27/15 16:37,kentucky
kentuckystatepolice.org,Kentucky State Police -- Note added 6/12/13 18:09,kentucky
kentuckytourism.com,Travel and Tourism Site for Kentucky -- Note added 6/6/13 19:38,travel
kheaa.com,Kentucky Higher Education Assistance Authority -- Note added 7/26/13 17:48,kentucky
kltprc.info,Ky legislature -- Note added 8/27/15 16:39,ky
ksbha.org,Kansas State Board of Healing Arts -- Note added 7/9/14 4:38,kansas
ksbn.org,Kansas State Board of Nursing -- Note added 7/9/14 4:39,kansas
kscourts.org,Kansas Judicial Branch -- Note added 7/9/14 4:40,kansas
ksdot.org,Kansas Department of Transportation -- Note added 3/20/14 15:35,kansas
kshs.org,Kansas Historical Society -- Note added 7/9/14 4:41,kansas
kslegislature.org,Kansas State Legislature -- Note added 7/9/14 4:42,kansas
kslottery.com,Kansas Lottery -- Note added 6/12/13 14:09,kansas
ksrevenue.org,Kansas Department of Revenue -- Note added 7/9/14 4:44,kansas
kssos.org,"Office of the Secretary of State, State of Kansas -- Note added 7/23/14 15:51",office
kyagr.com,Kentucky Department of Agriculture -- Note added 7/5/13 17:39,kentucky
kyconvention.org,ky convention center  -- Note added 8/27/15 16:39,ky
kyepsb.net,Kentucky Education Professional Standards Board -- Note added 7/5/13 17:38,kentucky
kyfairexpo.org,KY expo center -- Note added 8/27/15 16:41,ky
kylottery.com,Kentucky Lottery -- Note added 6/12/13 14:10,kentucky
kytreasury.com,KY Treasury -- Note added 8/27/15 16:42,ky
labenfa.com,LA Board of Examiners of Nursing Facility Administrators -- Note added 9/22/15 20:03,la
labmt.org,Louisiana Board of Massage Therapy -- Note added 11/12/15 17:36,louisiana
labp.com,Louisiana Board of Pharmacy -- Note added 8/24/15 14:41,louisiana
labswe.org,Louisiana State Board of Social Work Examiners -- Note added 8/24/15 14:41,louisiana
lachiropracticboard.com, Louisiana State Board of Chiropractic Examiners -- Note added 8/24/15 14:42,louisiana
lacisd.org,The Council of Information Services Directors for Louisiana -- Note added 8/24/15 14:43,the
lacourtreporterboard.com,Louisiana Board of Examiners of Certified Shorthand Reporters -- Note added 9/23/15 12:16,louisiana
laddc.org,Louisiana Developmental Disabilities Council -- Note added 9/23/15 13:30,louisiana
laeggs.com,"Louisiana Egg Commission, Louisiana Department of Agriculture & Forestry  -- Note added 9/23/15 14:53",louisiana
lalb.org,Louisiana Auctioneers Licensing Board -- Note added 9/23/15 16:37,louisiana
lapels.com,Louisiana Professional Engineering and Land Surveying Board -- Note added 8/24/15 14:46,louisiana
laptboard.org,Louisiana Physical Therapy Board -- Note added 8/24/15 14:46,louisiana
lasc.org,Louisiana Supreme Court -- Note added 9/23/15 16:38,louisiana
lastbdarchs.com,Louisiana State Board of Architectural Examiners -- Note added 1/14/14 14:13,louisiana
laworks.net,Louisiana Workforce Commission (LAWorks) -- Note added 9/23/15 16:41,louisiana
lbedn.org,Louisiana Board of Examiners in Dietetics and Nutrition  -- Note added 8/24/15 14:48,louisiana
lbespa.org,Louisiana board of speech language pathology -- Note added 8/24/15 14:51,louisiana
legvi.org,Legislature of the Virgin Islands -- Note added 8/18/14 14:07,legislature
lkm.org,League of Kansas Municipalities -- Note added 7/9/14 4:50,league
llronline.com,"South Carolina Department of Labor, Licensing and Regulation -- Note added 1/17/14 15:50",south
lmc.org,"League of Minnesota Cities Per the 'About the League' section of their website, LMC is 'a membership organization dedicated to promoting excellence in local government.'  -- Note added 4/26/15 4:37",league
loteriaelectronicapr.com,Loter√É¬≠a Electr√É¬≥nica de Puerto Rico -- Note added 6/12/13 14:11,loteréa
louisianacda.com,Louisiana Community Development Authority -- Note added 9/23/15 12:18,louisiana
louisianalottery.com,Louisiana Lottery Corporation -- Note added 6/12/13 14:13,louisiana
louisianaseafood.com,"Louisiana Seafood Board. In 1984, the State of Louisiana created the Louisiana Seafood Promotion & Marketing Board. For more information see https://www.legis.la.gov/legis/BoardMembers.aspx?boardId=355. -- Note added 11/12/15 15:08",louisiana
louisianataxfree.com,Louisiana Tax Free Shopping Commission -- Note added 9/23/15 16:44,louisiana
louisianatravel.com,Travel and Tourism Site for Louisiana -- Note added 6/6/13 19:40,travel
lpcboard.org,Licensed Professional Counselors Board of Examiners -- Note added 8/24/15 14:53,licensed
lpgov.org,Police Jury Association of Louisiana -- Note added 7/23/13 19:36,police
lrcboard.org,LLPVRC Board of Examiners -- Note added 8/24/15 14:54,llpvrc
lsbep.org,Louisiana State Board of Examiners of Psychologists   -- Note added 8/24/15 14:55,louisiana
lsbes.org,Louisiana State Board of Examiners for Sanitarians -- Note added 9/23/15 16:47,louisiana
lsbid.org,Louisiana State Board of Examiners of Interior Designers -- Note added 9/23/15 16:48,louisiana
lsbmt.org,Louisiana Board of Massage Therapy -- Note added 11/12/15 17:34,louisiana
lsbpie.com,Louisiana State Board of Private Investigator Examiners -- Note added 8/24/15 14:55,louisiana
lsbpne.com,LOUISIANA STATE BOARD OF PRACTICAL NURSE EXAMINERS -- Note added 8/24/15 14:56,louisiana
lsbvm.org,Louisiana Board of Veterinary Medicine -- Note added 8/24/15 14:56,louisiana
lsbwdd.org,Louisiana Board of Drug and Device Distributors -- Note added 8/24/15 14:57,louisiana
lsuagcenter.com,LSU Ag Center -- Note added 8/24/15 14:57,lsu
lwm-info.org,League of Wisconsin Municipalities -- Note added 8/5/14 6:00,league
mainehistory.org,maine history -- Note added 8/27/15 18:29,maine
mainehousing.org,maine state housing authority -- Note added 8/27/15 18:30,maine
mainelottery.com,Maine State Lottery - www.mainelottery.com -- Note added 6/12/13 14:14,maine
maineturnpike.com,maine turnpike authority -- Note added 8/27/15 18:30,maine
marylandtaxes.com,Comptroller of Maryland -- Note added 5/27/14 3:01,comptroller
massbudget.org,Mass budget & policy Center -- Note added 8/26/15 16:11,mass
massculturalcouncil.org,Ma cultural Council -- Note added 8/26/15 16:11,ma
masshist.org,Mass historical society -- Note added 8/26/15 16:12,mass
masslottery.com,Massachuetts State Lottery -- Note added 6/12/13 14:14,massachuetts
massvacation.com,Travel and Tourism Site for Massachusetts -- Note added 6/6/13 19:40,travel
mbmg.mtech.edu,"Montana Bureau of Mines and Geology, a nonregulatory state agency -- Note added 11/22/13 13:34",montana
md511.org,"Maryland 511 Traveller Information, Maryland Department of Transportation -- Note added 1/26/15 12:49",maryland
mdf.org,maine development foundation -- Note added 8/27/15 18:31,maine
mdhousing.org,Maryland Department of Housing and Community Development -- Note added 6/6/13 18:08,maryland
mdkidspage.org,"Maryland Kids Page, Office of the Secretary of State -- Note added 6/6/13 18:08",maryland
mdlottery.com,Maryland Lottery -- Note added 6/12/13 14:14,maryland
mdstad.com,Maryland Stadium Authority -- Note added 5/27/14 3:08,maryland
mdwfp.com,"Mississippi Department of Wildlife, Fisheries, and Parks -- Note added 7/25/14 12:41",mississippi
mersofmich.com,Municipal Employees' Retirement System -- Note added 9/3/15 15:37,municipal
mgslp.org,"Montana Guaranteed Student Loan Program (MGSLP), a program within the Office of the Commissioner of Higher Education -- Note added 11/22/13 13:35",montana
mhtrust.org,Alaska Mental Health Trust Authority -- Note added 6/6/13 18:08,alaska
mhtrustland.org,Alaska Mental Health Trust Land Office -- Note added 6/6/13 18:08,alaska
michigan.org,Travel and Tourism Site for Michigan -- Note added 6/6/13 19:41,travel
michiganhumanities.org,michigan humanities council -- Note added 9/3/15 15:38,michigan
michiganlottery.com,Michigan Lottery -- Note added 12/17/14 12:25,michigan
midnrreservations.com,Michigan State Park and Harbor Reservations  -- Note added 9/3/15 15:41,michigan
milotteryconnect.com,Michigan Lottery Connect (Blog) -- Note added 12/17/14 12:29,michigan
minationalguard.com,Michigan National Guard -- Note added 1/23/14 14:03,michigan
MinnesotaNationalGuard.org,Minnesota National Guard URL must have 'www' to resolve  -- Note added 4/26/15 5:37,minnesota
mississippi.org,Mississippi Development Authority -- Note added 7/25/14 12:42,mississippi
mississippistateparks.reserveamerica.com,Campgrounds and Camping at Mississippi State Parks -- Note added 3/20/14 16:45,campgrounds
missouribooks.org,"Missouri Center for the Books, an affiliate of the national Center for the Book in the Library of Congress, which was established by law in 1977 to strengthen and celebrate the vital role of books, reading, and libraries in the cultural life of the nation. -- Note added 1/13/14 19:38",missouri
missourifamilies.org,"MissouriFamilies is produced by the College of Human Environmental Sciences, Extension Division, University of Missouri -- Note added 1/10/14 19:17",missourifamilies
mnwatershed.org,"Minnesota Association of Watershed Districts, Inc. Per the 'What is MAWD?' section of their website, 'the Minnesota Association of Watershed Districts provides educational opportunities, information and training for watershed district managers and staff through yearly tours, meetings and quarterly newsletters.' -- Note added 4/26/15 5:42",minnesota
moguard.com,Missouri National Guard -- Note added 1/23/14 14:03,missouri
molottery.com,Missouri Lottery -- Note added 6/12/13 14:15,missouri
moneyquestalabama.com,The Alabama State Treasury's official website for unclaimed property searches -- Note added 6/6/13 18:08,the
montanakids.com,"Montana Kids, an official state site of the http://visitmt.com/ Montana Office of Tourism. -- Note added 11/22/13 13:38",montana
montanalottery.com,Montana Lottery -- Note added 6/12/13 14:15,montana
montanastatefund.com,"Montana State Fund, created by the state legislature in 1990 to create a fair and equitable system of workers' compensation insurance. -- Note added 11/18/13 16:26",montana
mountainstatecfc.org,Mountain State Combined Federal Campaign -- Note added 7/24/14 5:41,mountain
msblind.org,"Mississippi Industries for the Blind, a state agency of Mississippi -- Note added 7/25/14 12:47",mississippi
msboc.us,Mississippi State Board of Contractors -- Note added 7/25/14 12:48,mississippi
msboxing.org,Mississippi Athletic Commission -- Note added 7/25/14 12:49,mississippi
msccsp.org,Maryland State Commission on Criminal Sentencing Policy -- Note added 5/27/14 3:25,maryland
msema.org,Mississippi Emergency Management Agency -- Note added 7/25/14 12:51,mississippi
mshc.com,Mississippi Home Corporation -- Note added 7/25/14 12:52,mississippi
msucares.com,Mississippi State University Extension -- Note added 7/25/14 12:52,mississippi
msue.anr.msu.edu,Michigan State University Extension -- Note added 11/19/13 13:43,michigan
msuextension.org,Montana State University Extension -- Note added 11/22/13 13:44,montana
mtfacilityfinance.com,"Montana Facility Finance Authority, MT Department of Commerce -- Note added 11/22/13 13:46",montana
mtfinanceonline.com,"Montana Finance Information Center, MT Department of Commerce -- Note added 11/22/13 13:55",montana
myarkansaslottery.com,Arkansas Scholarship Lottery -- Note added 6/12/13 14:17,arkansas
myflorida.com,The official state portal of the State of Florida -- Note added 6/6/13 18:08,the
myfloridacfo.com,Florida Department of Financial Services -- Note added 7/31/13 17:13,florida
myfloridalegal.com,Florida Office of the Attorney General -- Note added 1/10/14 19:17,florida
myfloridarx.com,Developed by the Florida Attorney General and the Agency for Health Care Administration (AHCA) to help consumers shop for the lowest price in their area for their prescription drugs. -- Note added 1/10/14 19:17,developed
myfwc.com,Florida Fish and Wildlife Conservation Commission -- Note added 7/7/14 12:02,florida
mymarianas.com,Travel and Tourism Site for the Northern Mariana Islands -- Note added 6/6/13 19:42,travel
nationalarchives.gov.vg,"National Archives and Records Management Unit, Government of the Virgin Islands -- Note added 8/18/14 14:03",national
naturalsciences.org,NC Museum of Natural Sciences -- Note added 11/12/15 15:15,nc
nc-ddc.org,NC Council on Developmental Disabilities -- Note added 1/14/14 14:15,nc
nc-educationlottery.org,North Carolina Education Lottery -- Note added 6/12/13 14:18,north
nc-sco.com,NC State Construction Office -- Note added 9/16/15 13:21,nc
ncabc.com,North Carolina Alcoholic Beverage Control Commission -- Note added 9/11/15 20:30,north
ncadfp.org,NC Agriculture Development & Farmland Preservation Trust Fund -- Note added 11/12/15 15:13,nc
ncagrgis.com,"Multi-Hazard Threat Database, Emergency Programs Division, North Carolina Department of Agriculture and Consumer Services -- Note added 7/26/13 15:42",multihazard
ncair.org,North Carolina Division of Air Quality -- Note added 3/20/14 15:16,north
ncalb.org,The North Carolina Auctioneers board -- Note added 9/11/15 20:32,the
ncappellatecourts.org,NC Court System  -- Note added 9/11/15 20:32,nc
ncappraisalboard.org,NC appraisal board -- Note added 9/11/15 20:33,nc
ncapt.tv,NC Triangle Public Access TV n  n  -- Note added 9/11/15 20:35,nc
ncaquariums.com,NC Aquariums -- Note added 9/11/15 20:35,nc
ncartmuseum.org,NC Museum of Art -- Note added 9/11/15 20:36,nc
ncarts.org,North Carolina Arts Council -- Note added 11/20/13 12:24,north
ncatp.org,"NC Assistive technology Program - Receives grant funding under Public Law 108-364  through the Rehabilitation Services Administration, U.S. Department of Education, and is administered by the N.C. Department of Health and Human Services, Division of Vocational Rehabilitation Services -- Note added 11/12/15 15:02",nc
ncauditor.net,NC Office of the State Auditor -- Note added 1/14/14 13:12,nc
ncbarch.org,North Carolina Board of Architecture -- Note added 9/11/15 20:37,north
ncbate.org,NC Board of Athletic Trainers Examiners -- Note added 9/11/15 20:38,nc
ncbdn.org,North Carolina Board of Dietetics/Nutrition   -- Note added 9/11/15 20:38,north
ncbeec.org,NC Board of Examiners of electrical contractors -- Note added 9/11/15 20:39,nc
ncbels.org,NC Board of Examiners for engineers and surveyors -- Note added 9/11/15 20:40,nc
ncbenha.org,NC Board of Nursing Homes Administrators -- Note added 9/11/15 20:41,nc
ncbfs.org,NC Board of Funeral Services -- Note added 9/11/15 20:41,nc
ncble.org,NC Board of Law Examiners -- Note added 9/14/15 20:44,nc
ncblg.org,The North Carolina Board for the Licensing of Geologists  -- Note added 9/14/15 20:27,the
ncblpc.org,The North Carolina Board of Licensed Professional Counselors -- Note added 9/14/15 20:28,the
ncblss.org,The North Carolina Soil Scientist Licensing Program -- Note added 9/14/15 20:28,the
ncboeslpa.org,NC Board of Examiners for Speech Language and Pathologist & Audiologist n  -- Note added 9/14/15 20:30,nc
ncbola.org,Welcome to the NC Board of Landscape Architects -- Note added 9/14/15 20:31,welcome
ncbon.com,NC Board of Nursing -- Note added 9/14/15 20:31,nc
ncbop.org,NC Board of Pharmacy -- Note added 9/14/15 20:32,nc
ncbot.org,The North Carolina Board of Occupational Therapy -- Note added 9/14/15 20:32,the
ncbpe.org,The Board of Podiatry Examiners for the State of North Carolina  -- Note added 9/14/15 20:32,the
ncbrownfields.org,NC Waste Management -- Note added 9/14/15 20:33,nc
ncbusinesscourt.net,nc business court -- Note added 9/14/15 20:33,nc
ncbussafety.org,NC School bus Safety -- Note added 9/14/15 20:34,nc
ncbytrain.org,"Rail Division, North Carolina Department of Transportation -- Note added 7/24/13 16:07",rail
nccbsw.org,North Carolina Social Work Certification and Licensure Board -- Note added 9/22/15 14:10,north
nccgl.net,"The North Carolina Center for Global Logistics is a collaborative effort between community colleges, universities, and industry partners focused on developing a highly trained workforce for the logistics and supply chain industry. -- Note added 9/14/15 20:47",the
ncchildsupport.com,NC Child Support Enforcement -- Note added 9/14/15 20:36,nc
ncchiroboard.com,North Carolina Board of Chiropractic Examiners -- Note added 9/14/15 20:37,north
nccivilwar150.com,"North Carolina Civil War Sesquicentennial, North Carolina Department of Cultural Resources -- Note added 11/12/15 14:54",north
nccoastalmanagement.net,NC Division of Coastal Management -- Note added 1/14/14 14:16,nc
nccoastalreserve.net,"NC Coastal Reserve and National Estuarine Research Reserve, NC DEQ -- Note added 11/12/15 14:51",nc
nccob.org,North Carolina Office of the Commissioner of Banks (NCCOB) -- Note added 11/19/13 18:51,north
nccommerce.com,North Carolina Department of Commerce -- Note added 7/24/13 16:42,north
nccourts.org,nc court system -- Note added 9/14/15 20:38,nc
nccrimecontrol.org,NC Dept of Public Safety -- Note added 9/14/15 20:39,nc
ncdenr.org,N.C. Department of Environment and Natural Resources -- Note added 7/24/13 16:27,nc
ncdentalboard.org,North Carolina State Board of Dental Examiners -- Note added 9/14/15 20:40,north
ncdiabetes.org,"This site is a tool for North Carolina citizens and providers to reduce the impact of diabetes through leadership, education, communication and community involvement. -- Note added 9/14/15 20:41",this
ncdisasterrelief.org,"The NC Helping Neighbors Fund is managed by the Governor's Office, in partnership with United Way of North Carolina. Donations are tax deductible; 100% of donated funds will go to the states impacted by Hurricane Sandy. -- Note added 9/14/15 20:48",the
ncdjjdp.org," Juvenile Justice section of the N.C. Department of Public Safety, Division of Adult Correction and Juvenile Justice.  -- Note added 9/15/15 16:00",juvenile
ncdmf.net,"Division of Marine Fisheries, NC DENR -- Note added 11/12/15 14:07",division
ncdmfstore.net,NC Marine Fisheries Commission Store -- Note added 11/12/15 14:39,nc
ncdnpe.org,NC Division of Non Public Education -- Note added 9/15/15 16:01,nc
ncdoi.com,North Carolina Department of Insurance -- Note added 11/19/13 20:06,north
ncdoj.com,Dept of Justice -- Note added 9/15/15 16:04,dept
ncdrought.org,North Carolina Drought Management Advisory Council -- Note added 11/12/15 14:05,north
ncdsca.org,NC DENR's Division of Waste Management -- Note added 11/12/15 13:55,nc
ncems.org,The North Carolina Office of EMS -- Note added 9/15/15 16:07,the
ncesf.org,The North Carolina Forest Service operates a system of six Educational State Forests (ESFs) designed to teach the public - especially school children - about the forest environment. -- Note added 9/15/15 16:34,the
ncfacilitymanagement.net,"Facility Management Division, NC DOA -- Note added 11/12/15 13:45",facility
ncfarmfresh.com,"North Carolina Farm Fresh is a directory of pick-your-own farms, roadside farm markets, and farmers markets throughout North Carolina. It is designed to help the consumer, find the freshest locally grown fruits, vegetables, christmas trees, ornamental plants, flowers, and herbs. -- Note added 9/15/15 16:34",north
ncfarmtoschool.com,"NC Farm to School program, North Carolina Department of Agriculture and Consumer Services -- Note added 6/12/13 18:34",nc
ncfhp.org,"North Carolina Farmworker Health Program (NCFHP), a statewide Migrant Health Voucher Program within the Office of Rural Health -- Note added 11/12/15 13:44",north
ncfilm.com,NC Film Office -- Note added 9/15/15 16:35,nc
ncfirewise.org,"Firewise North Carolina,¬†North Carolina Forest Service -- Note added 6/12/13 18:15",firewise
ncfisheries.net,Division of Marine Fisheries  -- Note added 9/15/15 16:36,division
ncfloodmaps.com,NC flood risk information system -- Note added 9/15/15 16:37,nc
ncforeclosurehelp.org,NC Foreclosure Prevention Fund -- Note added 11/12/15 13:43,nc
ncforestactionplan.com,"North Carolina Forest Action Plan, North Carolina Forest Service -- Note added 11/12/15 13:40",north
ncforestassessment.com,North Carolina Forest Action Plan See historical snapshot at: http://web.archive.org/web/20140517174935/http://ncforestassessment.com/  -- Note added 11/12/15 13:39,north
ncfreshlink.com,NC Fresh Produce Information site -- Note added 9/15/15 16:37,nc
ncgov.com,State of North Carolina -- Note added 1/14/14 13:05,state
ncgovschool.org,"Governor's School of North Carolina, NC Department of Public Instruction -- Note added 6/12/13 18:35",governors
ncgtp.com,The North Carolina Global TransPark -- Note added 9/15/15 16:39,the
nchalb.org,NC hearing Aid Dealers -- Note added 9/15/15 16:39,nc
nchan.org,NC Health & Human Services -- Note added 9/15/15 16:39,nc
nchealthyschools.org,NC Healthy School Website -- Note added 9/15/15 16:41,nc
nchfa.com,NC Housing Finance Agency  -- Note added 9/15/15 16:42,nc
nchilb.com,North Carolina Home Inspetor Licensure Board -- Note added 11/20/13 12:38,north
nchistoricsites.org,NC Historic Sites -- Note added 9/15/15 16:42,nc
ncids.org,Office of Indigent Defense Services  -- Note added 9/15/15 16:43,office
ncih.net,NC International House -- Note added 9/15/15 16:44,nc
nciom.org,NC Institute of Medecine -- Note added 9/15/15 16:45,nc
ncitlb.org,The North Carolina Interpreters & Transliterators Licensing Board -- Note added 9/15/15 16:45,the
ncknows.org,NCknows is a service that allows North Carolina residents to get help from librarians and use their library resources remotely through a computer. NCknows is a pilot project supported by a grant under the Federally-funded Library Services and Technology Act (LSTA). The project is administered by the State Library of North Carolina in Raleigh with help from a committee of librarians and directors from North Carolina's libraries. -- Note added 11/12/15 13:22,ncknows
nclabor.com,NC Dept of Labor -- Note added 9/15/15 16:45,nc
ncleg.net,NC Generla Assembly  -- Note added 9/15/15 16:46,nc
nclicensing.org,"North Carolina State Board of Examiners of Plumbing, Heating and Fire Sprinkler Contractors -- Note added 9/15/15 16:46",north
nclifetimeincome.org,NC Lifetime Income - Members of the Teachers' and State Employees' Retirement System (TSERS) and Local Governmental Employees' Retirement System (LGERS) will have a one-time opportunity to transfer all or part of their NC 401(k) and/or NC Deferred Compensation (457) funds to the Retirement System in order to receive lifetime income at or after retirement. -- Note added 11/12/15 13:21,nc
nclive.org,NC Public Library -- Note added 9/15/15 16:47,nc
nclm.org,North Carolina League of Municipalities -- Note added 6/6/13 18:08,north
nclmft.org,the board of Marriage and family therapy of North Carolina -- Note added 9/15/15 16:48,the
nclocksmithboard.org,The North Carolina Locksmith Licensing Board -- Note added 9/15/15 16:48,the
ncmail.net,State of North Carolina Office of Information Technology Services -- Note added 9/15/15 16:49,state
ncmaritimemuseums.com,North Carolina Maritime Museum System -- Note added 8/2/13 15:50,north
ncmarkers.com,"North Carolina Highway Historical Marker Program, NC Department of Cultural Resources -- Note added 11/12/15 13:19",north
ncmedboard.org,NC Medical Board -- Note added 9/15/15 16:53,nc
ncmedicaidpbm.com,NC Division of Medical Assistance -- Note added 9/15/15 16:54,nc
ncminorityhealth.org,N.C. Office of Minority Health and Health Disparities -- Note added 9/15/15 16:55,nc
ncmotorfleet.com,NC Motor fleet management -- Note added 9/15/15 16:55,nc
ncnar.org,The N.C. Health Care Personnel Registry Section   -- Note added 9/15/15 16:56,the
ncnewbornhearing.org,Early Hearing Detection and Intervention Program (NC DHHS &gt; DPH &gt; WCH Section &gt; Children and Youth Branch) -- Note added 11/12/15 13:18,early
ncnhp.org,The North Carolina Natural Heritage Program -- Note added 9/15/15 16:56,the
ncnhtf.org,"Established in 1987, the North Carolina Natural Heritage Trust Fund provided supplemental funding to select state agencies for the acquisition and protection of important natural areas, to preserve the state's ecological diversity and cultural heritage, and to inventory the natural heritage resources of the state. In July 2013, these key purposes were incorporated in the Clean Water Management Trust Fund enabling legislation and the NHTF statute was repealed. See historical snapshot at:  http://web.archive.org/web/20150129185256/http://www.ncnhtf.org/pages/aboutnhtf.htm  -- Note added 11/12/15 13:15",established
ncoah.com,North Carolina Office of Administrative Hearings -- Note added 9/15/15 16:57,north
ncoes.net,Welcome to the Grand Chapter of NC Order of the Eastern Star -- Note added 9/15/15 16:57,welcome
nconemap.com,NC OneMap is a public service providing comprehensive discovery and access to North Carolina's geospatial data resources. -- Note added 9/15/15 16:58,nc
nconemap.net,"NC OneMap, a public service providing comprehensive discovery and access to North Carolina's geospatial data resources. -- Note added 11/12/15 13:13",nc
ncoptometry.org,he North Carolina State Board of Examiners in Optometry -- Note added 9/15/15 16:58,he
ncpanbranch.com,"NC Physical Activity and Nutrition Branch (NC PAN), NC Department of Public Health See historical snapshot at: http://web.archive.org/web/20130128034822/http://www.ncpanbranch.com/  -- Note added 11/12/15 13:12",nc
ncports.com,NC ports  -- Note added 9/15/15 17:03,nc
ncprogress.org,NC Progress Portal -- Note added 9/15/15 17:03,nc
ncpsychologyboard.org,nc psychology board -- Note added 9/15/15 17:03,nc
ncptboard.org,The North Carolina Board of Physical Therapy Examiners -- Note added 9/15/15 17:04,the
ncpublications.com,"Historical Publications, North Carolina Office of Archives and History, Department of Cultural Resources -¬†www.ncpublications.com -- Note added 6/6/13 18:34",historical
ncpublichealth.com,North Carolina Division of Public Health -- Note added 7/26/13 15:09,north
ncpublicschools.org,nc public schools -- Note added 9/15/15 17:05,nc
ncradiation.net,"Radiation Protection Section, NC Department of Health and Human Services -- Note added 1/14/14 14:18",radiation
ncradon.org,NC Radon Awarenes Site -- Note added 9/15/15 17:05,nc
ncrb.org,"We serve the NC insurance industry by providing services and programs for automobile, property and workers compensation insurance. This site contains information for these types of insurance. -- Note added 9/15/15 17:06",we
ncrcb.org,the North Carolina Respiratory Care   -- Note added 9/15/15 17:13,the
ncrea.net,North Carolina Rural Electrification Authority -- Note added 9/15/15 17:14,north
ncrehs.com,NC State Board of Environmental Health Specialist Examiners -- Note added 11/19/13 20:40,nc
ncreportcards.org,nc report cards for schools -- Note added 9/15/15 17:16,nc
ncscienceandtechnology.com,nc science and technology -- Note added 9/15/15 17:17,nc
ncsd.net,NC School for the deaf -- Note added 9/15/15 17:17,nc
ncsecc.org,NC State Employees Combined Campaign -- Note added 9/15/15 17:18,nc
ncshiip.com,North Carolina Seniors' Health Insurance Information Program (SHIIP) -- Note added 1/22/14 19:19,north
ncsicklecellprogram.org,"North Carolina Sickle Cell Syndrome Program, NC Department of Public Health -- Note added 11/12/15 13:09",north
ncsip.org,The North Carolina State Improvement Project (NC SIP ). NC SIP is a program in the Exceptional Children Division of the North Carolina Department of Public Instruction (NC DPI). -- Note added 9/15/15 17:19,the
ncsitesearch.com,"Thank you for visiting ACCESSNC, your one-stop source for North Carolina economic data and site information. -- Note added 9/15/15 17:19",thank
ncstars.org,"The Carolina Star Program is designed to recognize and promote effective safety and health management systems. In Star, management, labor and OSH establish a cooperative relationship at a workplace that has implemented a strong program. -- Note added 9/15/15 17:20",the
ncstatefair.org,NC state Fair -- Note added 9/15/15 17:20,nc
ncstormwater.org,NC Stormwater and Runoff pollution site -- Note added 9/15/15 17:22,nc
ncsu.edu/extension,NC State Univ Extension  -- Note added 9/15/15 17:22,nc
ncswboard.org,North Carolina Social Work Certification and Licensure Board -- Note added 9/22/15 14:12,north
ncsymphony.org,NC Symphony -- Note added 9/15/15 17:22,nc
nctobaccofreeschools.org,"Tobacco Free Schools, NC Department of Health and Human Services -- Note added 2/25/14 13:20",tobacco
nctokyo.com,State of North Carolina Japan Office -- Note added 7/24/13 16:40,state
nctopps.ncdmh.net,NC-TOPPS homepage is now http://www.ncdhhs.gov/MHDDSAS/providers/NCTOPPS/index.htm. Entry still included here for nctopps.ncdmh.net pattern for pages such as https://www.google.com/search?q=site%3Anctopps.ncdmh.net. -- Note added 7/23/14 14:41,nctopps
nctraining.ncgov.com,NC Office of State Personnel -- Note added 1/14/14 13:06,nc
nctrans.org,NC Transportation Museum -- Note added 9/15/15 17:25,nc
nctreasurer.com,North Carolina Department of State Treasurer -- Note added 6/6/13 18:09,north
ncvmb.org,North Carolina Veterinary Medical Board -- Note added 9/15/15 17:30,north
ncwastetrader.org,North Carolina's marketplace for discarded or surplus materials and products. -- Note added 9/15/15 17:31,north
ncwater.org,NC Division of Water Resources -- Note added 9/15/15 17:31,nc
ncwaterquality.org,North Carolina Division of Water Resources -- Note added 11/12/15 12:58,north
ncwelldriller.org,"North Carolina Well Contractors Certification Commission - protects the public health and safety by ensuring the integrity and competence of well contractors through examination, certification, continuing education and enforcement. The Well Contractors Certification Unit is now part of the Department of Health and Human Services. -- Note added 11/12/15 12:57",north
ncwildlife.org,nc wildlife resource commission  -- Note added 9/15/15 17:32,nc
ncwise.org,"NC WiseOwl (NC Online Windows for Learning) has been providing online subscription resources for our schools since 1999.  Our mission is to ensure that all of our public and charter school students have access to a collection of online resources for use in research projects and homework assignments, without regard to the economic status of their local school system.  NC WiseOwl has three major strengths as an educational resource: -- Note added 9/15/15 17:33",nc
nczoo.org,NC Zoo is an agency of the North Carolina Department of Natural and Cultural Resources -- Note added 11/12/15 12:48,nc
ndlc.org,North Dakota League of Cities -- Note added 7/22/14 6:08,north
ndow.org,Nevada Department of Wildlife -- Note added 1/27/14 20:15,nevada
ndowlicensing.com,Nevada Department of Wildlife (NDOW) Licensing -- Note added 10/21/13 11:53,nevada
ndrin.org,North Dakota Recorders Information Network -- Note added 7/21/14 6:33,north
ndtourism.com,Travel and Tourism Site for North Dakota -- Note added 6/6/13 19:42,travel
ne-ethanol.org,Nebraska Ethanol Board -- Note added 12/6/13 19:53,nebraska
neagrelations.org,Nebraska AgRelations Council -- Note added 12/6/13 19:45,nebraska
neatp.org,Nebraska Association of Transportation Providers -- Note added 12/6/13 20:02,nebraska
nebraskaartscouncil.org,"Nebraska Arts Council. The Council is funded by the State of Nebraska, the National Endowment for the Arts, and the Nebraska Cultural Endowment. -- Note added 12/6/13 19:38",nebraska
nebraskacorn.org,Nebraska Corn Board -- Note added 12/6/13 19:41,nebraska
nebraskadrybean.com,Nebraska Dry Bean Commission -- Note added 12/6/13 19:49,nebraska
nebraskahistory.org,Nebraska State Historical Society -- Note added 12/9/13 18:24,nebraska
nebraskaracingcommission.com,Nebraska State Racing Commission -- Note added 12/6/13 20:01,nebraska
nebraskawheat.com,Nebraska Wheat Board -- Note added 12/6/13 20:06,nebraska
neded.org,Nebraska Department of Economic Development -- Note added 12/6/13 19:50,nebraska
nelottery.com,Nebraska Lottery -- Note added 6/12/13 14:18,nebraska
nevadadot.com,Nevada Department of Transportation -- Note added 6/26/13 15:23,nevada
nevadajudiciary.us,The Nevada Judiciary -- Note added 1/24/14 13:06,the
newmexico.org,Travel and Tourism Site for New Mexico -- Note added 6/6/13 19:42,travel
newpa.com,Pennsylvania Department of Community & Economic Development -- Note added 6/6/13 18:08,pennsylvania
nfs.unl.edu,Nebraska Forest Service -- Note added 12/6/13 19:55,nebraska
nhhistory.org,NH Historical Society -- Note added 9/2/15 19:01,nh
nhlgc.org,NH Municipal Association -- Note added 9/2/15 19:02,nh
nhlottery.org,New Hampshire Lottery Commission -- Note added 6/12/13 14:19,new
nhstateparks.org,NH State Parks -- Note added 9/2/15 19:03,nh
njeda.com,New Jersey Economic Development Authority -- Note added 9/16/15 15:52,new
njfishandwildlife.com,"Division of Fish and Wildlife, NJ Department of Environmental Protection -- Note added 6/7/13 11:33",division
njstatelib.org,New Jersey State Library -- Note added 7/26/13 16:17,new
njsurcharge.com,New Jersey Surcharge Violation System (NJSVS) -- Note added 9/16/15 15:53,new
njuifile.net,Department of Labor and Workforce Development   -- Note added 9/16/15 15:53,department
nmlottery.com,New Mexico Lottery -- Note added 6/12/13 14:20,new
nmtracking.org,New Mexico Environmental Public Health Tracking -- Note added 10/24/14 12:11,new
nmwic.org,"Special Supplemental Nutrition Program for New Mexico Women, Infants & Children -- Note added 1/10/14 19:17",special
nutritionnc.com,"Nutrition Services Branch, Women's and Children's Health, NC Division of Public Health, NCDepartment of Health and Human Services  -- Note added 3/20/14 16:33",nutrition
nvaging.net,"Aging and Disability Services Division, Department of Health and Human Services, State of Nevada -- Note added 6/17/13 15:40",aging
nycom.org,New York State Conference of Mayors and Municipal Officials (NYCOM) -- Note added 7/2/15 10:49,new
nyhistory.org,New York Historical Society Museum and Library -- Note added 7/2/15 10:50,new
nysca.org,New York State Council on the Arts -- Note added 7/2/15 10:51,new
nysegov.com,New York State eGovernment listing of state agencies -- Note added 9/25/13 15:35,new
nysfair.org,New York State Fair -- Note added 6/12/13 18:48,new
nyshcr.org,New York State Homes and Community Renewal -- Note added 9/9/15 13:48,new
nyslgitda.org,New York State Local Government IT Directors Association (NYSLGITDA) -- Note added 7/2/15 10:59,new
nytrooper.com,New York State Police Recruitment Center -- Note added 1/3/14 13:14,new
occeweb.com,OK Corporation Commission -- Note added 8/28/15 18:20,ok
oha.org,"Office of Hawaiian Affairs - 'Under the direction of nine trustees elected statewide, OHA has functioned operationally as both a government agency with a strong degree of autonomy, and as a trust.' -- Note added 6/12/13 13:27",office
ohiobwc.com,Ohio Bureau of Workers' Compensation -- Note added 3/26/14 18:21,ohio
ohiohumanities.org,Ohio Humanities Council -- Note added 3/26/14 18:28,ohio
ohiolottery.com,Ohio Lottery -- Note added 6/12/13 14:22,ohio
ohiorecorders.com,Ohio Recorders' Association -- Note added 3/26/14 18:36,ohio
ohs.org,Oregon Historical Society -- Note added 6/20/14 7:38,oregon
okcareertech.org,OK career tech website -- Note added 8/28/15 18:21,ok
okdhs.org,OK dept of human services -- Note added 8/28/15 18:21,ok
oklibshare.org,"OKLibShare, Oklahoma Department of Libraries -- Note added 8/27/15 16:00",oklibshare
oklpgas.org,OK LP Gas commission -- Note added 8/28/15 18:22,ok
olmsteadva.com,State of Virginia Olmstead Initiative -- Note added 8/27/15 14:13,state
omlohio.org,Ohio Municipal League -- Note added 3/26/14 18:40,ohio
onencnaturally.org,"Office of Land and Water Stewardship, a non-regulatory division within North Carolina's DENR that provides information and assistance to support effective conservation and resilient communities.  -- Note added 11/12/15 12:36",office
oregonartscommission.org,Oregon Arts Commission -- Note added 6/20/14 7:34,oregon
oregonfilm.org,Oregon Governor's Office of Film and Television -- Note added 3/20/14 16:53,oregon
oregonlottery.org,Oregon Lottery -- Note added 6/12/13 14:22,oregon
oregonstatefair.org,Oregon State Fair -- Note added 6/20/14 7:22,oregon
origins.ou.edu,"The Oklahoma Resources Integration General Information Network System (Origins) is an online database which contains economic, social, and demographic data intended for use by community leaders, educators, businesses, government agencies, and decision makers. -- Note added 8/28/15 18:22",the
osbckansas.org,Office of the State Bank Commissioner of Kansas -- Note added 7/10/14 6:29,office
oscn.net,OK State Court System -- Note added 8/28/15 18:23,ok
ospmd.org,Office of the Maryland State Prosecutor -- Note added 5/27/14 3:40,office
p2pays.org,North Carolina Division of Environmental Assistance and Customer Service   -- Note added 9/15/15 17:43,north
pacast.com,Commonwealth of Pennsylvania's media hub -- Note added 6/6/13 18:08,commonwealth
pacourts.us,Unified Judicial System of Pennsylvania -- Note added 1/10/14 15:20,unified
paehealth.com,PA eHealth Partnership Authority -- Note added 6/7/13 11:53,pa
pafirstnet.com,Pennsylvania FirstNet. See also http://www.ntia.doc.gov/sligp/pennsylvania.  -- Note added 9/24/14 16:11,pennsylvania
palaugov.org,Republic of Palau National Government -- Note added 6/7/13 18:27,republic
palausupremecourt.net,Palau Judiciary Branch -- Note added 5/27/14 15:03,palau
paonews.net,Georgia State Defense Force public affairs office. Website mirrored on gasdf.com. Referenced on https://ga.ng.mil/Leadership/Georgia-State-Defense-Force/.,georgia
parkswildlifefoundation.org,South Dakota Parks & Wildlife Foundation -- Note added 7/17/14 5:50,south
passhe.edu,PA State System of Higher Education -- Note added 6/7/13 11:53,pa
patientsafetyauthority.org,PA Patient Safety Authority -- Note added 6/7/13 11:53,pa
paturnpike.com,Pennsylvania Turnpike Commission -- Note added 10/1/14 18:05,pennsylvania
phc4.org,PA Health Care Cost Containment Council -- Note added 6/7/13 11:53,pa
pheaa.org,PA Higher Education Assistance Agency -- Note added 6/7/13 11:53,pa
phefa.org,PA Higher Educational Facilities Authority -- Note added 6/7/13 11:53,pa
phfa.org,PA Housing Finance Agency -- Note added 6/7/13 11:53,pa
phwd.net,"Pat Harrison Waterway District (PHWD), a Mississippi State Agency that provides camping, cabins and recreational facilities in Mississippi -- Note added 1/13/14 20:28",pat
port-of-charleston.com,South Carolina Ports Authority -- Note added 6/6/13 18:08,south
portofvirginia.com,The Port of Virginia -- Note added 7/14/14 17:09,the
potatoes.com,Washington State Potato Commission -- Note added 11/17/14 7:11,washington
preserveala.org,"Alabama Historical Commission, State of Alabama Historic Preservation Office -- Note added 7/15/13 18:19",alabama
qaronline.org,"Queen Anne's Revenge, a project of the http://www.qaronline.org/ North Carolina Department of Cultural Resources to educate the next generation on colonial life -- Note added 11/20/13 17:34",queen
qis.net/~uef,"Uninsured Employers' Fund, State of Maryland -- Note added 11/20/13 17:37",uninsured
rd.okstate.edu,OK State AG Econ at OSU -- Note added 8/28/15 18:25,ok
readync.org,"Ready NC, NC Department of Public Safety -- Note added 1/14/14 14:35",ready
readypa.org,"Ready PA, Pennsylvania Emergency Management Agency -- Note added 4/16/14 15:38",ready
red-raspberry.org,Washington Red Raspberry Commission -- Note added 11/17/14 7:07,washington
refrigerationboard.org,The State Board of Refrigeration Examiners -- Note added 9/15/15 17:47,the
rehabworks.org,Division of Vocational Rehabilitation - Florida Department of Education -- Note added 7/1/15 18:43,division
ricwfa.com,Rhode Island Clean Water Finance Agency -- Note added 1/27/14 19:35,rhode
riinspection.org,Rhode Island Emissions and Safety Testing -- Note added 1/7/14 18:45,rhode
rilot.com,Rhode Island Lottery -- Note added 6/7/13 18:46,rhode
ripuc.org,Rhode Island Public Utilities Commission -- Note added 1/29/14 15:24,rhode
ritba.org,Rhode Island Turnpike and Bridge Authority -- Note added 1/27/14 15:54,rhode
rmi-op.net,"Office of the President, Republic of the Marshall Islands -- Note added 6/12/13 13:31",office
safemt.com,"SafeMT, a resource of the Montana State Fund for safety in Montana's workplaces. -- Note added 11/18/13 16:35",safemt
safesurrender.net,NC Safe Haven Law - Abandoned Infant Protection Law Site -- Note added 9/15/15 17:54,nc
sahp.vcu.edu/vcoa,"The website of the Virginia Center on Aging (VCoA), a statewide agency created by the Virginia General Assembly and housed at Virginia Commonwealth University in the School of Allied Health Professions. VCoA works to protect and improve the quality of life of older Virginians, so that they might remain interdependent and contributing members to life in Virginia. -- Note added 6/27/14 14:23",the
santeecooper.com,"Santee Cooper, also known officially from the 1930s as the South Carolina Public Service Authority, is South Carolina's state-owned electric and water utility that came into being during the New Deal. -- Note added 8/25/14 16:04",santee
saonm.org,New Mexico Office of the State Auditor -- Note added 7/16/14 5:38,new
savewaternc.org,Save Water NC -- Note added 11/12/15 12:34,save
sbafla.com,"Florida State Board of Administration, created by the Florida Constitution and is governed by a three-member Board of Trustees (Trustees), comprised of the Governor as Chair, the Chief Financial Officer and the Attorney General. -- Note added 8/25/14 16:59",florida
sbctc.ctc.edu,Washington State Board for Community and Technical Colleges -- Note added 4/8/14 18:22,washington
scbwa.org,"State College Borough Water Authority, PA -- Note added 10/1/14 20:16",state
sccommerce.com,SC dept of commerce -- Note added 8/28/15 15:19,sc
sccourts.org,SC judicial courts -- Note added 8/28/15 15:19,sc
scdmvonline.com,SC DMV -- Note added 8/28/15 15:20,sc
sceducationlottery.com,South Carolina Education Lottery -- Note added 6/12/13 14:24,south
scemd.org,South Carolina Emergency Management Division -- Note added 8/28/15 15:20,south
scfirststeps.org,SC early childhood education program -- Note added 8/28/15 15:20,sc
scgovernorsmansion.org,SC Gov Mansion  -- Note added 8/28/15 15:23,sc
scgssm.org,SC govoners school for science and math -- Note added 8/28/15 15:23,sc
scguard.com,SC National Guard -- Note added 8/28/15 15:24,sc
schev.edu,"The State Council of Higher Education for Virginia (SCHEV) makes higher education public policy recommendations to the Governor and General Assembly in such areas as capital and operating budget planning, enrollment projections, institutional technology needs, and student financial aid. -- Note added 6/27/14 14:25",the
schoolclearinghouse.org,"School Planning Section, North Carolina Department of Public Instruction -- Note added 8/25/14 15:01",school
scilconline.org,South Carolina Independent Living Council (SCILC) -- Note added 9/22/15 15:16,south
scilconlineblog.org,South Carolina Independent Living Council (SCILC) -- Note added 9/22/15 15:17,south
scinbre.org,"The South Carolina EPSCoR/IDeA Program, CCCR COBRE, and the USC School of Medicine Instrumentation Resource Facility -- Note added 8/28/15 15:28",the
scpcf.com,SC malpractice patient compensation fund -- Note added 8/28/15 15:27,sc
scsdb.org,South Carolina School for the Deaf and Blind -- Note added 8/25/14 15:03,south
scsilc.com,South Carolina Statewide Independent Living Council (SILC) -- Note added 9/22/15 15:19,south
scsos.com,SC sec of state -- Note added 8/28/15 15:29,sc
sctax.org,South Carolina Department of Revenue -- Note added 8/25/14 15:04,south
sctuitiongrants.com,South Carolina Higher EducationTuition Grants Commission -- Note added 8/28/15 15:30,south
scvotes.org,SC State Election Committee -- Note added 8/28/15 15:30,sc
scvrd.net,SC Vocab Rehab -- Note added 8/28/15 15:31,sc
sddot.com,South Dakota Department of Transportation -- Note added 7/17/14 5:53,south
sdhda.org,South Dakota Housing Development Authority -- Note added 7/17/14 5:54,south
seanc.org,STATE EMPLOYEES ASSOCIATION OF NORTH CAROLINA -- Note added 9/15/15 17:56,state
seekingmichigan.org,"Seeking Michigan, the online platform for the http://michigan.gov/mhc Michigan Historical Center. It includes http://www.michigan.gov/archivesofmi Archives of Michigan research guides and indexes, a blog, and educator resources&ndash;all from the Michigan Historical Center and Archives of Michigan staff. -- Note added 7/9/14 12:06",seeking
senate.mn,Minnesota Senate -- Note added 11/9/15 20:36,minnesota
servicearizona.com,"Authorized Service Website for the Arizona Department of Transportation, Motor Vehicle Division -- Note added 1/10/14 19:17",authorized
shipmspa.com,Mississippi State Port Authority -- Note added 7/25/14 20:50,mississippi
shpnc.org,North Carolina State Health Plan for Teachers and State Employees -- Note added 7/25/14 15:10,north
sled.alaska.edu,SLED (Statewide Library Electronic Doorway) -- Note added 6/6/13 18:08,sled
slph.ncpublichealth.com,"State Laboratory of Public Health, NC Division of Public Health -- Note added 7/26/13 15:11",state
smv.org,"Science Museum of Virginia, located in Richmond, VA -- Note added 7/11/14 18:43",science
sosnc.com,NC Secretary Of State -- Note added 9/15/15 17:58,nc
southcarolinaarts.com,south carolina arts commission -- Note added 8/28/15 15:32,south
southcarolinahistoricalsociety.org,south carolina historical society -- Note added 8/28/15 15:32,south
spsba.org,PA State Public School Building Authority -- Note added 6/7/13 11:53,pa
srbc.net,"Susquehanna River Basin Commission -¬†The Susquehanna River Basin Compact, was signed into law on December 24, 1970. The Compact, as adopted by the Congress of the United States, and the legislatures of New York State, Pennsylvania and Maryland, provides the mechanism to guide the conservation, development, and administration of the water resources of the vast river basin. -- Note added 6/26/13 16:30",susquehanna
startsquad.org,"Start Squad, kid's portal to the State Library of North Carolina -- Note added 8/25/14 12:12",start
startwithyourheart.com,North Carolina's Justus-Warren Heart Disease and Stroke Prevention Task Force -- Note added 11/10/15 20:35,north
state.ak.us,"*state.ak.us pattern to include Alaska state agencies, such as those at: https://www.google.com/#q=site:state.ak.us  -- Note added 7/8/14 12:25",stateakus
state.al.us,"*state.al.us pattern to include Alabama state agencies, such as those at: https://www.google.com/#q=site:state.al.us  -- Note added 7/8/14 12:26",statealus
state.ar.us,*state.ar.us pattern for State of Arkansas agencies -- Note added 7/17/13 19:01,statearus
state.az.us,"*state.az.us pattern to include Arizona state agencies, such as those at https://www.google.com/#q=site:state.az.us.  -- Note added 12/13/13 13:17",stateazus
state.ca.us,"*state.ca.us pattern to include California state agencies, such as those at: https://www.google.com/#q=site:state.ca.us  -- Note added 6/27/14 16:14",statecaus
state.co.us,"Included to find *.state.co.us pattern to find state websites, such as https://www.google.com/search?q=site%3Astate.co.us  -- Note added 1/14/14 15:07",included
state.fl.us,"*state.fl.us pattern to include Florida state agencies, such as those at: https://www.google.com/#q=site:state.fl.us   -- Note added 6/27/14 16:15",stateflus
state.ga.us,State of Ga website -- Note added 8/25/15 16:09,state
state.ia.us,State of Iowa -- Note added 8/26/15 13:51,state
state.id.us,Pattern for *state.id.us websites -- Note added 7/8/13 19:27,pattern
state.il.us,State of Illinois -- Note added 7/3/14 17:38,state
state.in.us,state of  Indiana -- Note added 8/27/15 14:57,state
state.ky.us,Ky Website -- Note added 8/27/15 16:57,ky
state.lib.la.us,State Library of Louisiana -- Note added 7/26/13 16:18,state
state.ma.us,Mass State Website -- Note added 8/26/15 16:22,mass
state.md.us,"State website is at http://www.maryland.gov. state.md.us pattern to include Maryland state agencies, such as those at https://www.google.com/#q=site:state.md.us. -- Note added 7/23/14 16:07",state
state.me.us,state of maine -- Note added 8/27/15 20:01,state
state.mi.us,state of michigan -- Note added 9/3/15 16:11,state
state.mn.us,Minnesota.gov portal; 'electronic entry point to Minnesota State government information and services' -- Note added 6/2/15 1:37,minnesotagov
state.ms.us,State of Mississippi -- Note added 7/8/14 12:53,state
state.ne.us,*.state.ne.us pattern to include several state agencies. -- Note added 12/9/13 18:31,stateneus
state.nh.us,NH State Website -- Note added 9/2/15 19:11,nh
state.nj.us,"http://www.state.nj.us/ and http://www.nj.gov both resolve to the same site. n*state.nj.us pattern to include New Jersey state agencies, such as those at: https://www.google.com/#q=site:state.nj.us  -- Note added 7/8/14 13:04",httpwwwstatenjus
state.nm.us,State of New Mexico -- Note added 7/16/14 5:42,state
state.oh.us,State of Ohio -- Note added 3/27/14 18:36,state
state.ok.us,State of OK website -- Note added 8/28/15 18:27,state
state.or.us,"http://www.state.or.us/ resolves to a non-styled version of http://www.oregon.gov/  n*state.or.us pattern included here to find State of Oregon agencies, such as: https://www.google.com/search?q=site:state.or.us -- Note added 7/17/14 17:40",httpwwwstateorus
state.sc.us,State of SC  -- Note added 8/28/15 15:35,state
state.sd.us,South Dakota State Government Website -- Note added 7/17/14 6:01,south
state.tn.us,Official site of the Tennessee Government -- Note added 6/26/14 13:27,official
state.va.us,The official website of the Commonwealth of Virginia -- Note added 6/27/14 14:50,the
state.vt.us,State of Vermont -- Note added 8/15/14 14:27,state
state.wa.us,State of Washington -- Note added 11/17/14 6:48,state
state.wi.us,"*.state.wi.us pattern is included here for various Department-level agencies, such as those at: https://www.google.com/search?q=site%3Astate.wi.us  Requires 'www' to resolve. -- Note added 4/2/14 12:49",statewius
state.wy.us,State of Wyoming travel and tourism website -- Note added 7/23/14 5:34,state
statefair.org,Nebraska State Fair -- Note added 12/6/13 19:53,nebraska
statenislandusa.com,"Staten Island Borough President, New York, NY -- Note added 11/20/13 18:23",staten
surpluspropertydivision.com,NC Division of Surplus Property -- Note added 9/15/15 18:02,nc
sustainablenc.org,NC sustainability connection -- Note added 9/15/15 18:06,nc
teach4nc.com,"Welcome to Teach4NC, dedicated to the recruitment of teaching professionals for public schools in North Carolina. -- Note added 9/15/15 18:19",welcome
tennesseeholocaustcommission.org,Tennessee Holocaust Commission -- Note added 6/26/14 7:22,tennessee
texasbar.com,State Bar of Texas -- Note added 6/20/14 16:58,state
tfli.org,Tennessee Foreign Language Institute -- Note added 6/26/14 7:21,tennessee
thda.org,Tennessee Housing Development Agency -- Note added 6/26/14 7:19,tennessee
thinkkentucky.com,kentucky cabinet of economic development -- Note added 8/27/15 16:58,kentucky
tmrs.org,Texas Municipal Retirement System (TMRS)  -- Note added 8/18/14 16:14,texas
tndagc.org,Tennessee District Attorneys General Conference -- Note added 6/26/14 7:16,tennessee
tnema.org,Tennessee Emergency Management Agency -- Note added 6/26/14 7:15,tennessee
tnlottery.com,Lottery Tennessee -- Note added 6/12/13 14:26,lottery
tnmilitary.org,Tennessee National Guard -- Note added 6/26/14 7:13,tennessee
tnvacation.com,"Tennessee Vacation, the travel and tourism site for the state of Tennessee -- Note added 8/18/14 15:23",tennessee
tpwmagazine.com,Texas Parks and Wildlife magazine -- Note added 3/20/14 16:35,texas
travelalaska.com,Travel and Tourism Site for Alaska -- Note added 6/6/13 19:44,travel
traveliowa.com,Travel and Tourism Site for Iowa -- Note added 6/6/13 19:44,travel
travelks.com,Travel and Tourism Site for Kansas -- Note added 6/6/13 19:44,travel
travelnevada.com,Travel and Tourism Sites for Nevada -- Note added 6/6/13 19:11,travel
travelok.com,Travel and Tourism Sites for Oklahoma -- Note added 6/6/13 19:11,travel
traveloregon.com,"Travel and Tourism Site for Oregon, Oregon Tourism Commission -- Note added 7/23/14 16:09",travel
travelsd.com,Travel and Tourism Sites for South Dakota -- Note added 6/6/13 19:11,travel
traveltex.com,Travel and Tourism Sites for Texas -- Note added 6/6/13 19:11,travel
travelwisconsin.com,Travel and Tourism Sites for Wisconsin -- Note added 6/6/13 19:11,travel
treasurer.org,Nebraska State Treasurer -- Note added 12/6/13 20:03,nebraska
treefruitresearch.com,Washington Tree Fruit Research Commission -- Note added 11/12/14 6:37,washington
tsa-wa.org,Washington State Tobacco Settlement Authority -- Note added 4/8/14 18:29,washington
txlottery.org,Texas Lottery -- Note added 6/12/13 14:26,texas
uaex.edu,"University of Arkansas, Division of AgricultureResearch & Extension, University of Arkansas System Arkansas Cooperative Extension Service -- Note added 12/10/14 7:11",university
uaf.edu/ces/,University of Alaska Fairbanks Cooperative Extension Service -- Note added 6/7/13 16:34,university
uidaho.edu/extension,University of Idaho Extension -- Note added 7/8/13 14:29,university
usviber.org,U.S. Virgin Islands Bureau of Economic Research -- Note added 8/18/14 14:14,us
usvieda.org,U.S. Virgin Islands Economic Development Authority -- Note added 8/18/14 14:12,us
uvm.edu/extension,University of Vermont Extension -- Note added 8/18/14 5:33,university
uwex.edu,University of Wisconsin-Extension -- Note added 8/12/14 5:36,university
uwyo.edu/CES,University of Wyoming Cooperative Extension Service -- Note added 7/23/14 5:39,university
va-src.org,Virginia State Rehabilitation Council (SRC) -- Note added 8/27/15 14:12,virginia
vaao.org,"The Virginia Association of Assessing Officers is a professional organization of assessors and appraisers from state and local governments throughout the Commonwealth. The organization's mission is to improve assessment standards, disseminate information on assessment practices, and provide continuing education to its members. -- Note added 7/11/14 18:56",the
vaboard.org,Virginia Board for People with Disabilities -- Note added 7/11/14 18:57,virginia
vacni.org,Virginia Commonwealth Neurotrauma Initiative (CNI) Trust Fund -- Note added 9/3/15 11:28,virginia
vadars.org,Virginia Department for Aging and Rehabilitative Services -- Note added 8/27/15 14:22,virginia
vadrs.org,Virginia Department for Aging and Rehabilitative Services -- Note added 6/6/13 18:09,virginia
vadsa.org,Virginia Disability Services Agencies -- Note added 7/14/14 16:54,virginia
vafire.com,Virginia Department of Fire Programs -- Note added 6/12/13 18:15,virginia
valottery.com,Virginia Lottery -- Note added 6/12/13 14:27,virginia
vasilc.org,Virginia Statewide Independent Living Council -- Note added 9/3/15 11:14,virginia
vats.org,Virginia Assistive Technology System -- Note added 7/11/14 19:06,virginia
vcef.net,Virginia Career Education Foundation is a non-profit organization that works to increase the number of qualified applicants available to fill technical positions throughout the Commonwealth of Virginia. -- Note added 7/11/14 19:07,virginia
vdbvi.org,Virginia Department for the Blind and Vision Impaired -- Note added 7/11/14 19:09,virginia
vddhh.org,Virginia Department for the Deaf and Hard of Hearing (VDDHH) -- Note added 7/11/14 19:09,virginia
vendor.ncgov.com,State of North Carolina's Vendor Registration -- Note added 1/14/14 13:04,state
vermontartscouncil.org,Vermont Arts Council -- Note added 8/18/14 5:35,vermont
vermonthistory.org,Vermont Historical Society -- Note added 8/18/14 5:36,vermont
VermontVacation.com,Travel and Tourism Site for Vermont -- Note added 6/6/13 19:19,travel
vhda.com,Virginia Housing Development Authority -- Note added 7/11/14 19:10,virginia
vhfa.org,Vermont Housing Finance Agency -- Note added 8/18/14 5:37,vermont
vhib.org,The Virginia Horse Industry Board is responsible for the promotion and economic development of the horse industry in Virginia and operates through the Virginia Department of Agriculture and Consumer Services. -- Note added 7/11/14 19:12,the
vibonline.org,"Virginia Industries for the Blind, Commonwealth of Virginia -- Note added 9/3/15 11:46",virginia
vide.vi,Virgin Islands Department of Education -- Note added 8/18/14 14:08,virgin
viig.org,Office of the Virgin Islands Inspector General -- Note added 8/18/14 14:13,office
vipd.gov.vi,U.S. Virgin Islands Police Department -- Note added 8/18/14 14:16,us
virginia.org,Travel and Tourism Sites for Virginia -- Note added 6/6/13 19:11,travel
virginia529.com,Virginia College Savings Plan -- Note added 7/11/14 19:18,virginia
virginiaallies.org,Virginia Economic Development Partnership's Ally Information Exchange -- Note added 7/11/14 20:17,virginia
virginiadot.org,Virginia Department of Transportation -- Note added 7/11/14 20:18,virginia
virginiaresources.org,Virginia Resources Authority -- Note added 7/11/14 20:19,virginia
visitcalifornia.com,Travel and Tourism Site for California -- Note added 8/27/13 12:59,travel
visitcwc.com,California Welcome Centers -- Note added 8/27/13 12:58,california
visitdelaware.com,Travel and Tourism Sites for Delaware -- Note added 6/6/13 19:11,travel
visitflorida.com,Travel and Tourism Site for Florida -- Note added 6/6/13 19:15,travel
visitguam.org,Travel and Tourism Sites for Guam -- Note added 6/6/13 19:11,travel
visitidaho.org,Travel and Tourism Site for Idaho -- Note added 6/6/13 19:48,travel
visitmaine.com,Travel and Tourism Sites for Maine -- Note added 6/6/13 19:11,travel
visitmaryland.org,Travel and Tourism Site for Maryland -- Note added 6/6/13 19:17,travel
visitmississippi.org,Travel and Tourism Sites for Mississippi -- Note added 6/6/13 19:11,travel
visitmo.com,Travel and Tourism Site for Missouri -- Note added 6/6/13 19:34,travel
visitmt.com,Travel and Tourism Site for Montana -- Note added 6/6/13 19:33,travel
visitnc.com,Travel and Tourism Site for North Carolina -- Note added 6/6/13 19:33,travel
visitnebraska.com,Travel and Tourism Site for Nebraska -- Note added 6/6/13 19:33,travel
visitpa.com,Travel and Tourism Site for Pennsylvania -- Note added 6/6/13 19:32,travel
visitrhodeisland.com,Travel and Tourism Site for Rhode Island -- Note added 6/6/13 19:32,travel
visitusvi.com,Travel and tourism site for the US Virgin Islands -- Note added 6/6/13 19:47,travel
visitutah.com,Travel and Tourism Site for Utah -- Note added 6/6/13 19:31,travel
visupremecourt.org,Supreme Court of the United States Virgin Islands -- Note added 8/18/14 14:06,supreme
vivaflorida.org,"Viva Florida 500 is a statewide initiative led by the Florida Department of State, under the leadership of Governor Rick Scott, to highlight the 500 years of historic people, places and events in present-day Florida since the arrival of Juan Ponce de Leon to the land he named La Florida in 1513. See more at http://www.vivaflorida.org/About-Viva-Florida/ -- Note added 7/23/14 14:01",viva
vmnh.net,"Virginia Museum of Natural History in Martinsville, VA -- Note added 7/11/14 20:20",virginia
volunteerflorida.org,Florida Governor's Commission on Volunteerism and Community Service -- Note added 11/9/15 19:00,florida
volunteermississippi.org,"Volunteer Mississippi, A Mississippi Commission for Volunteer Service (MCVS) -- Note added 7/28/14 14:58",volunteer
volunteernc.org,North Carolina Commission on Volunteerism and Community Service -- Note added 11/10/15 20:34,north
vrcbvi.org,Virginia Rehabilitation Center for the Blind and Vision Impaired -- Note added 8/27/15 15:09,virginia
vrwa.org,Virginia Rural Water Association -- Note added 7/23/13 19:42,virginia
vsb.org,Virginia State Bar -- Note added 7/11/14 20:21,virginia
vtguard.com,Vermont National Guard -- Note added 1/23/14 14:03,vermont
vtlottery.com,Vermont Lottery -- Note added 6/12/13 14:27,vermont
wablueberrycomm.org,Washington Blueberry Commission -- Note added 11/12/14 6:30,washington
wahardwoodscomm.com,Washington Hardwoods Commission -- Note added 11/12/14 6:29,washington
walottery.com,Washington State Lottery -- Note added 12/2/14 7:23,washington
waseedpotato.com,Washington State Seed Potato Commission -- Note added 11/12/14 6:26,washington
washington.org,Travel and Tourism Site for the District of Columbia -- Note added 6/6/13 19:31,travel
washingtonairguard.org,Washington Air National Guard -- Note added 1/3/14 13:08,washington
washingtonarmyguard.org,Washington Army National Guard -- Note added 1/23/14 14:03,washington
washingtonguard.org,Washington National Guard -- Note added 1/23/14 14:03,washington
washingtonwine.org,Washington State Wine Commission -- Note added 11/12/14 6:23,washington
waspc.org,Washington Association of Sheriffs and Police Chiefs -- Note added 11/12/14 6:22,washington
waterparkin.com,"Waterparkin', a website of the Pat Harrison Waterway District (PHWD) a Mississippi State Agency that provides camping, cabins and recreational facilities in Mississippi. See historical snaphot at: http://web.archive.org/web/20101224004547/http://waterparkin.com/  -- Note added 1/13/14 20:28",waterparkin
waywelivednc.com,"The Way We Lived in North Carolina, presented by http://www.ah.dcr.state.nc.us/ The North Carolina Office of Archives & History. -- Note added 8/13/14 17:41",the
wdfi.org,State of Wisconsin Department of Financial Institutions -- Note added 8/11/14 5:34,state
web.uri.edu/riaes/extension,University of Rhode Island Cooperative Extension -- Note added 6/7/13 18:31,university
wedfa.org,Washington Economic Development Finance Authority -- Note added 11/12/14 6:21,washington
whb.ncpublichealth.com,"Women's Health Branch, NC Division of Public Health -- Note added 7/26/13 15:11",womens
wheda.com,Wisconsin Housing and Economic Development Authority -- Note added 8/11/14 5:30,wisconsin
whefa.org,Washington Higher Education Facilities Authority -- Note added 4/8/14 18:33,washington
wildlifedepartment.com,Oklahoma Department of Wildlife Conservation - http://www.wildlifedepartment.com/  -- Note added 10/29/13 15:11,oklahoma
wilottery.com,Wisconsin Lottery -- Note added 6/12/13 14:28,wisconsin
winusvilottery.com,Virgin Islands Lottery -- Note added 6/12/13 14:29,virgin
wisconsinhistory.org,Wisconsin Historical Society -- Note added 8/11/14 5:26,wisconsin
wisspd.org,Wisconsin State Public Defender's Office -- Note added 6/14/13 17:38,wisconsin
wrdaonline.org,Register of Deeds Association of Wisconsin -- Note added 8/11/14 5:23,register
wrightschool.org,"NC Dept of Health and Human services, division of State operated healthcare facilities -- Note added 9/14/15 20:51",nc
wscc.com,Washington State Convention Center -- Note added 11/6/14 7:30,washington
wscpr.org,Washington State Commission on Pesticide Registration -- Note added 11/6/14 7:32,washington
wshfc.org,Washington State Housing Finance Commission -- Note added 11/6/14 7:27,washington
wssb.org,Washington State School for the Blind -- Note added 7/31/13 16:31,washington
wvagriculture.org,West Virginia Department of Agriculture -- Note added 3/31/14 13:07,west
wvcommerce.org,West Virginia Department of Commerce -- Note added 3/24/14 16:50,west
wvculture.org,West Virginia Division of Culture and History -- Note added 3/31/14 13:08,west
wvdhhr.org,West Virginia Department of Health and Human Resources -- Note added 7/24/14 5:50,west
wvhdf.com,West Virginia Housing Development Fund -- Note added 7/24/14 5:51,west
wvhepc.com,West Virginia Higher Education Policy Commission -- Note added 3/31/14 13:12,west
wvlabor.com,"West Virginia Department of Commerce, Division of Labor -- Note added 7/24/14 5:52",west
wvlottery.com,West Virginia Lottery -- Note added 6/12/13 14:29,west
wvnet.edu,West Virginia Network for Educational Telecomputing -- Note added 7/24/14 5:54,west
wvretirement.com,West Virginia Consolidated Public Retirement Board -- Note added 3/31/14 13:33,west
wvstateparks.com,West Virginia State Parks -- Note added 3/31/14 13:34,west
wvsto.com,West Virginia State Treasurer's Office -- Note added 3/31/14 13:35,west
wvtourism.com,Travel and Tourism Site for West Virginia -- Note added 6/6/13 19:18,travel
wvwda.org,West Virginia Water Development Authority -- Note added 7/24/14 5:57,west
www.montanaguard.com/,Montana Army National Guard -- Note added 3/2/15 6:52,montana
wyomingbusiness.org,Wyoming Business Council -- Note added 6/7/13 16:41,wyoming
wyomingtourism.org,Travel and Tourism Site for Wyoming -- Note added 6/6/13 19:31,travel
yesvirginia.org,"Virginia Economic Development Partnership. As a state authority, the Partnership is governed by a 25 member http://yesvirginia.org/AboutUs/BoardOfDirectors Board Of Directors comprised of businesspersons from around Virginia, each of whom is appointed by the http://www.governor.virginia.gov Governor and the General Assembly.  -- Note added 11/20/13 18:52",virginia
